id,sentence,annotator1_entities,annotator2_entities,notes
1,నరేంద్ర మోదీ హైదరాబాద్ లో సభను ఉద్దేశించి మాట్లాడారు,"నరేంద్ర మోదీ=PER, హైదరాబాద్=LOC","నరేంద్ర మోదీ=PER, హైదరాబాద్=LOC",Clear PER and LOC
2,టాటా కన్సల్టెన్సీ సర్వీసెస్ హైదరాబాద్ లో కొత్త కార్యాలయం తెరిచింది,"టాటా కన్సల్టెన్సీ సర్వీసెస్=ORG, హైదరాబాద్=LOC","టాటా కన్సల్టెన్సీ సర్వీసెస్=ORG, హైదరాబాద్=LOC",Clear ORG and LOC
3,చంద్రబాబు నాయుడు అమరావతిని రాజధానిగా ప్రకటించారు,"చంద్రబాబు నాయుడు=PER, అమరావతి=LOC","చంద్రబాబు నాయుడు=PER, అమరావతి=LOC",Clear PER and LOC
4,విశాఖపట్నం లో భారత నౌకాదళం విన్యాసాలు నిర్వహించింది,"విశాఖపట్నం=LOC, భారత నౌకాదళం=ORG","విశాఖపట్నం=LOC, భారత నౌకాదళం=ORG",Naval force treated as ORG
5,ఇన్ఫోసిస్ బెంగళూరు లో ప్రధాన కార్యాలయం కలిగి ఉంది,"ఇన్ఫోసిస్=ORG, బెంగళూరు=LOC","ఇన్ఫోసిస్=ORG, బెంగళూరు=LOC",Clear ORG and LOC
6,సచిన్ టెండూల్కర్ ముంబైకి చెందిన ప్రసిద్ధ క్రికెటర్,"సచిన్ టెండూల్కర్=PER, ముంబై=LOC","సచిన్ టెండూల్కర్=PER, ముంబై=LOC",Morphological suffix -కి removed from LOC
7,గూగుల్ హైదరాబాద్ లో పరిశోధన కేంద్రం స్థాపించింది,"గూగుల్=ORG, హైదరాబాద్=LOC","గూగుల్=ORG, హైదరాబాద్=LOC",Clear ORG and LOC
8,రాహుల్ గాంధీ ఢిల్లీ నుండి పార్లమెంట్ సభ్యుడు,"రాహుల్ గాంధీ=PER, ఢిల్లీ=LOC, పార్లమెంట్=ORG","రాహుల్ గాంధీ=PER, ఢిల్లీ=LOC",Annotator disagreement: పార్లమెంట్ as ORG vs not annotated
9,పవన్ కళ్యాణ్ పిఠాపురం నుండి ఎన్నికలలో గెలిచారు,"పవన్ కళ్యాణ్=PER, పిఠాపురం=LOC","పవన్ కళ్యాణ్=PER, పిఠాపురం=LOC",Clear PER and LOC
10,అదానీ గ్రూప్ విశాఖపట్నం రేవులో పెట్టుబడి పెట్టింది,"అదానీ గ్రూప్=ORG, విశాఖపట్నం=LOC","అదానీ గ్రూప్=ORG, విశాఖపట్నం=LOC",Clear ORG and LOC
11,పీవీ నరసింహారావు కరీంనగర్ జిల్లాలో పుట్టారు,"పీవీ నరసింహారావు=PER, కరీంనగర్=LOC","పీవీ నరసింహారావు=PER, కరీంనగర్=LOC",Clear PER and LOC
12,రామోజీ రావు ఈనాడు పత్రిక స్థాపించారు,"రామోజీ రావు=PER, ఈనాడు=ORG","రామోజీ రావు=PER, ఈనాడు=ORG",News organization treated as ORG
13,ఐబీఎం సంస్థ బెంగళూరు మరియు హైదరాబాద్ లో పనిచేస్తుంది,"ఐబీఎం=ORG, బెంగళూరు=LOC, హైదరాబాద్=LOC","ఐబీఎం=ORG, బెంగళూరు=LOC, హైదరాబాద్=LOC",Two LOC entities
14,మైక్రోసాఫ్ట్ పుణె లో కొత్త కేంద్రం స్థాపించింది,"మైక్రోసాఫ్ట్=ORG, పుణె=LOC","మైక్రోసాఫ్ట్=ORG, పుణె=LOC",Clear ORG and LOC
15,తిరుమల తిరుపతి దేవస్థానం ఆదాయం పెరిగింది,తిరుమల తిరుపతి దేవస్థానం=ORG,"తిరుమల=LOC, తిరుపతి=LOC, తిరుమల తిరుపతి దేవస్థానం=ORG",Disagreement: whole phrase as ORG vs individual LOC + ORG
16,శ్రీనివాస్ రామానుజన్ గొప్ప గణిత శాస్త్రవేత్త,శ్రీనివాస్ రామానుజన్=PER,శ్రీనివాస్ రామానుజన్=PER,Clear PER
17,ఆంధ్రప్రదేశ్ హైకోర్టు అమరావతి లో ఉంది,"ఆంధ్రప్రదేశ్ హైకోర్టు=ORG, అమరావతి=LOC","ఆంధ్రప్రదేశ్=LOC, హైకోర్టు=ORG, అమరావతి=LOC",Disagreement: ఆంధ్రప్రదేశ్ as part of ORG or separate LOC
18,బాలకృష్ణ నందమూరి నటుడు మరియు రాజకీయవేత్త,బాలకృష్ణ నందమూరి=PER,బాలకృష్ణ నందమూరి=PER,Clear PER
19,ఫ్లిప్కార్ట్ బెంగళూరు లో స్థాపించబడింది,"ఫ్లిప్కార్ట్=ORG, బెంగళూరు=LOC","ఫ్లిప్కార్ట్=ORG, బెంగళూరు=LOC",Clear ORG and LOC
20,అమెజాన్ హైదరాబాద్ లో పెద్ద కార్యాలయం పెట్టింది,"అమెజాన్=ORG, హైదరాబాద్=LOC","అమెజాన్=ORG, హైదరాబాద్=LOC",Clear ORG and LOC
21,వై ఎస్ జగన్ మోహన్ రెడ్డి పులివెందుల లో పుట్టారు,"వై ఎస్ జగన్ మోహన్ రెడ్డి=PER, పులివెందుల=LOC","వై ఎస్ జగన్ మోహన్ రెడ్డి=PER, పులివెందుల=LOC",Long PER span
22,విజయవాడ కృష్ణా నది తీరాన ఉంది,"విజయవాడ=LOC, కృష్ణా=LOC","విజయవాడ=LOC, కృష్ణా నది=LOC",Disagreement: కృష్ణా alone vs కృష్ణా నది as LOC span
23,కిరణ్ కుమార్ రెడ్డి తిరుపతి నుండి ఎన్నికయ్యారు,"కిరణ్ కుమార్ రెడ్డి=PER, తిరుపతి=LOC","కిరణ్ కుమార్ రెడ్డి=PER, తిరుపతి=LOC",Clear PER and LOC
24,శ్రీలంక క్రికెట్ జట్టు విజయవాడ లో ఆడింది,"శ్రీలంక=LOC, శ్రీలంక క్రికెట్ జట్టు=ORG, విజయవాడ=LOC","శ్రీలంక క్రికెట్ జట్టు=ORG, విజయవాడ=LOC",Disagreement: శ్రీలంక as separate LOC vs only part of ORG
25,అక్కినేని నాగార్జున హైదరాబాద్ కు చెందిన నటుడు,"అక్కినేని నాగార్జున=PER, హైదరాబాద్=LOC","అక్కినేని నాగార్జున=PER, హైదరాబాద్=LOC",Clear PER and LOC
26,సుందర్ పిచాయ్ గూగుల్ సంస్థకు సీఈవో గా పనిచేస్తున్నారు,"సుందర్ పిచాయ్=PER, గూగుల్=ORG","సుందర్ పిచాయ్=PER, గూగుల్=ORG",Clear PER and ORG
27,రతన్ టాటా ముంబైలో నివసించేవారు,"రతన్ టాటా=PER, ముంబై=LOC","రతన్ టాటా=PER, ముంబై=LOC",Clear PER and LOC
28,భారత అంతరిక్ష పరిశోధన సంస్థ బెంగళూరులో ఉంది,"భారత అంతరిక్ష పరిశోధన సంస్థ=ORG, బెంగళూరు=LOC","భారత అంతరిక్ష పరిశోధన సంస్థ=ORG, బెంగళూరు=LOC",ISRO full name in Telugu as ORG
29,విరాట్ కోహ్లీ భారత క్రికెట్ జట్టు మాజీ కెప్టెన్,"విరాట్ కోహ్లీ=PER, భారత క్రికెట్ జట్టు=ORG","విరాట్ కోహ్లీ=PER, భారత క్రికెట్ జట్టు=ORG",Clear PER and ORG
30,కేరళ హైకోర్టు ఎర్నాకులం లో ఉంది,"కేరళ హైకోర్టు=ORG, ఎర్నాకులం=LOC","కేరళ హైకోర్టు=ORG, ఎర్నాకులం=LOC",Clear ORG and LOC
31,ఎ పీ జే అబ్దుల్ కలాం రామేశ్వరంలో జన్మించారు,"ఎ పీ జే అబ్దుల్ కలాం=PER, రామేశ్వరం=LOC","ఎ పీ జే అబ్దుల్ కలాం=PER, రామేశ్వరం=LOC",Full name as PER
32,విప్రో సంస్థ హైదరాబాద్ లో పెద్ద నియామక కేంద్రం నిర్వహిస్తుంది,"విప్రో=ORG, హైదరాబాద్=LOC","విప్రో=ORG, హైదరాబాద్=LOC",Clear ORG and LOC
33,ఎం ఎస్ ధోని చెన్నై సూపర్ కింగ్స్ జట్టుకు నాయకత్వం వహించారు,"ఎం ఎస్ ధోని=PER, చెన్నై సూపర్ కింగ్స్=ORG","ఎం ఎస్ ధోని=PER, చెన్నై సూపర్ కింగ్స్=ORG",Cricket team as ORG
34,ఓలా కంపెనీ బెంగళూరు లో స్థాపించబడింది,"ఓలా=ORG, బెంగళూరు=LOC","ఓలా=ORG, బెంగళూరు=LOC",Clear ORG and LOC
35,ఇందిరా గాంధీ భారత తొలి మహిళా ప్రధానమంత్రి,"ఇందిరా గాంధీ=PER, భారత=LOC",ఇందిరా గాంధీ=PER,Disagreement: భారత as LOC or not annotated
36,ఆంధ్రప్రదేశ్ రాజధాని అమరావతి అని ప్రభుత్వం నిర్ణయించింది,"ఆంధ్రప్రదేశ్=LOC, అమరావతి=LOC","ఆంధ్రప్రదేశ్=LOC, అమరావతి=LOC",Two LOC entities
37,రిలయన్స్ ఇండస్ట్రీస్ ముంబై లో ప్రధాన కార్యాలయం కలిగి ఉంది,"రిలయన్స్ ఇండస్ట్రీస్=ORG, ముంబై=LOC","రిలయన్స్ ఇండస్ట్రీస్=ORG, ముంబై=LOC",Clear ORG and LOC
38,సోనియా గాంధీ కాంగ్రెస్ పార్టీకి అధ్యక్షురాలిగా పనిచేశారు,"సోనియా గాంధీ=PER, కాంగ్రెస్ పార్టీ=ORG","సోనియా గాంధీ=PER, కాంగ్రెస్ పార్టీ=ORG",Clear PER and ORG
39,నల్లమల అడవులు తెలంగాణలో విస్తరించి ఉన్నాయి,"నల్లమల అడవులు=LOC, తెలంగాణ=LOC","నల్లమల=LOC, తెలంగాణ=LOC",Disagreement: span of forest name
40,జవహర్లాల్ నెహ్రూ భారత తొలి ప్రధానమంత్రి,"జవహర్లాల్ నెహ్రూ=PER, భారత=LOC",జవహర్లాల్ నెహ్రూ=PER,Disagreement: భారత as LOC or not annotated
41,బీసీసీఐ ముంబై లో ప్రధాన కార్యాలయం నిర్వహిస్తుంది,"బీసీసీఐ=ORG, ముంబై=LOC","బీసీసీఐ=ORG, ముంబై=LOC",BCCI as ORG
42,నారాయణ మూర్తి ఇన్ఫోసిస్ సంస్థను స్థాపించారు,"నారాయణ మూర్తి=PER, ఇన్ఫోసిస్=ORG","నారాయణ మూర్తి=PER, ఇన్ఫోసిస్=ORG",Clear PER and ORG
43,మణిపాల్ యూనివర్సిటీ కర్ణాటకలో ఉంది,"మణిపాల్ యూనివర్సిటీ=ORG, కర్ణాటక=LOC","మణిపాల్ యూనివర్సిటీ=ORG, కర్ణాటక=LOC",Clear ORG and LOC
44,అమిత్ షా కేంద్ర హోం మంత్రిగా పనిచేస్తున్నారు,"అమిత్ షా=PER, కేంద్ర హోం మంత్రిత్వ శాఖ=ORG",అమిత్ షా=PER,Disagreement: ministry as ORG or not annotated
45,వేదాంత సంస్థ ఒడిశాలో స్టీల్ ప్లాంట్ నెలకొల్పింది,"వేదాంత=ORG, ఒడిశా=LOC","వేదాంత=ORG, ఒడిశా=LOC",Clear ORG and LOC
46,రోహిత్ శర్మ భారత క్రికెట్ జట్టు కెప్టెన్,"రోహిత్ శర్మ=PER, భారత క్రికెట్ జట్టు=ORG","రోహిత్ శర్మ=PER, భారత క్రికెట్ జట్టు=ORG",Clear PER and ORG
47,నీతి ఆయోగ్ ఢిల్లీ లో ఉంది,"నీతి ఆయోగ్=ORG, ఢిల్లీ=LOC","నీతి ఆయోగ్=ORG, ఢిల్లీ=LOC",Government body as ORG
48,ప్రణబ్ ముఖర్జీ భారత రాష్ట్రపతిగా పనిచేశారు,"ప్రణబ్ ముఖర్జీ=PER, భారత=LOC",ప్రణబ్ ముఖర్జీ=PER,Disagreement: భారత as LOC or not annotated
49,జొమాటో సంస్థ గుర్గావ్ లో ప్రధాన కార్యాలయం కలిగి ఉంది,"జొమాటో=ORG, గుర్గావ్=LOC","జొమాటో=ORG, గుర్గావ్=LOC",Clear ORG and LOC
50,మన్మోహన్ సింగ్ ఆర్థిక సంస్కరణలకు మార్గం సుగమం చేశారు,మన్మోహన్ సింగ్=PER,మన్మోహన్ సింగ్=PER,"Only PER, no LOC or ORG"
51,టాటా మోటర్స్ పుణె లో కార్లు తయారు చేస్తుంది,"టాటా మోటర్స్=ORG, పుణె=LOC","టాటా మోటర్స్=ORG, పుణె=LOC",Clear ORG and LOC
52,ఉత్తరప్రదేశ్ లో యోగి ఆదిత్యనాథ్ ముఖ్యమంత్రిగా ఉన్నారు,"యోగి ఆదిత్యనాథ్=PER, ఉత్తరప్రదేశ్=LOC","యోగి ఆదిత్యనాథ్=PER, ఉత్తరప్రదేశ్=LOC",Clear PER and LOC
53,హిందుస్తాన్ యూనిలివర్ ముంబైలో నమోదైంది,"హిందుస్తాన్ యూనిలివర్=ORG, ముంబై=LOC","హిందుస్తాన్ యూనిలివర్=ORG, ముంబై=LOC",Clear ORG and LOC
54,డాక్టర్ బీఆర్ అంబేద్కర్ నాగ్పూర్ లో బౌద్ధమతాన్ని స్వీకరించారు,"డాక్టర్ బీఆర్ అంబేద్కర్=PER, నాగ్పూర్=LOC","బీఆర్ అంబేద్కర్=PER, నాగ్పూర్=LOC",Disagreement: డాక్టర్ as part of PER span or not
55,జీ ఎస్ పీ సీ గుజరాత్ లో గ్యాస్ ఉత్పత్తి చేస్తుంది,"జీ ఎస్ పీ సీ=ORG, గుజరాత్=LOC","జీ ఎస్ పీ సీ=ORG, గుజరాత్=LOC",Abbreviation as ORG
56,మమతా బెనర్జీ పశ్చిమ బెంగాల్ ముఖ్యమంత్రి,"మమతా బెనర్జీ=PER, పశ్చిమ బెంగాల్=LOC","మమతా బెనర్జీ=PER, పశ్చిమ బెంగాల్=LOC",Clear PER and LOC
57,పేటీఎం నోయిడాలో స్థాపించబడింది,"పేటీఎం=ORG, నోయిడా=LOC","పేటీఎం=ORG, నోయిడా=LOC",Clear ORG and LOC
58,అటల్ బిహారీ వాజ్పేయి లక్నో నుండి ఎన్నికయ్యారు,"అటల్ బిహారీ వాజ్పేయి=PER, లక్నో=LOC","అటల్ బిహారీ వాజ్పేయి=PER, లక్నో=LOC",Clear PER and LOC
59,స్నాప్ డీల్ సంస్థ ఢిల్లీలో ఉంది,"స్నాప్ డీల్=ORG, ఢిల్లీ=LOC","స్నాప్ డీల్=ORG, ఢిల్లీ=LOC",Clear ORG and LOC
60,కపిల్ దేవ్ భారత క్రికెట్ జట్టును 1983 ప్రపంచ కప్ లో నాయకత్వం వహించారు,"కపిల్ దేవ్=PER, భారత క్రికెట్ జట్టు=ORG","కపిల్ దేవ్=PER, భారత క్రికెట్ జట్టు=ORG",Clear PER and ORG
61,హైదరాబాద్ మెట్రో రైలు ప్రయాణికులకు అనుకూలంగా ఉంది,"హైదరాబాద్ మెట్రో రైలు=ORG, హైదరాబాద్=LOC","హైదరాబాద్=LOC, హైదరాబాద్ మెట్రో రైలు=ORG",Disagreement: span overlap between LOC and ORG
62,అరవింద్ కేజ్రీవాల్ ఆమ్ ఆద్మీ పార్టీని స్థాపించారు,"అరవింద్ కేజ్రీవాల్=PER, ఆమ్ ఆద్మీ పార్టీ=ORG","అరవింద్ కేజ్రీవాల్=PER, ఆమ్ ఆద్మీ పార్టీ=ORG",Clear PER and ORG
63,గంగా నది వారణాసి దగ్గర ప్రవహిస్తుంది,"గంగా నది=LOC, వారణాసి=LOC","గంగా=LOC, వారణాసి=LOC",Disagreement: గంగా నది vs గంగా as span
64,అశోక్ లేలాండ్ సంస్థ చెన్నై లో ఉంది,"అశోక్ లేలాండ్=ORG, చెన్నై=LOC","అశోక్ లేలాండ్=ORG, చెన్నై=LOC",Clear ORG and LOC
65,మోదీ 2014 లో లోక్ సభ ఎన్నికలలో గెలిచారు,"మోదీ=PER, లోక్ సభ=ORG","మోదీ=PER, లోక్ సభ=ORG",Lok Sabha as ORG
66,బజాజ్ ఆటో పుణె లో తయారీ కేంద్రం నిర్వహిస్తుంది,"బజాజ్ ఆటో=ORG, పుణె=LOC","బజాజ్ ఆటో=ORG, పుణె=LOC",Clear ORG and LOC
67,పి వి సింధు హైదరాబాద్ కు చెందిన బ్యాడ్మింటన్ క్రీడాకారిణి,"పి వి సింధు=PER, హైదరాబాద్=LOC","పి వి సింధు=PER, హైదరాబాద్=LOC",Clear PER and LOC
68,బంగ్లాదేశ్ క్రికెట్ జట్టు కోల్కతా లో ఆడింది,"బంగ్లాదేశ్ క్రికెట్ జట్టు=ORG, కోల్కతా=LOC","బంగ్లాదేశ్ క్రికెట్ జట్టు=ORG, కోల్కతా=LOC",Clear ORG and LOC
69,తెలంగాణ ప్రభుత్వం హైదరాబాద్ లో ఐటీ విధానం ప్రకటించింది,"తెలంగాణ ప్రభుత్వం=ORG, హైదరాబాద్=LOC","తెలంగాణ=LOC, హైదరాబాద్=LOC",Disagreement: తెలంగాణ ప్రభుత్వం as ORG vs తెలంగాణ as LOC
70,లతా మంగేష్కర్ ముంబై లో నివసించేవారు,"లతా మంగేష్కర్=PER, ముంబై=LOC","లతా మంగేష్కర్=PER, ముంబై=LOC",Clear PER and LOC
71,కోచీ మెట్రో కేరళ లో ప్రారంభించబడింది,"కోచీ మెట్రో=ORG, కేరళ=LOC","కోచీ మెట్రో=ORG, కేరళ=LOC",Clear ORG and LOC
72,ఆదిత్య బిర్లా గ్రూప్ మహారాష్ట్రలో పెట్టుబడులు పెట్టింది,"ఆదిత్య బిర్లా గ్రూప్=ORG, మహారాష్ట్ర=LOC","ఆదిత్య బిర్లా గ్రూప్=ORG, మహారాష్ట్ర=LOC",Clear ORG and LOC
73,మీరా కుమార్ లోక్ సభ స్పీకర్ గా పనిచేశారు,"మీరా కుమార్=PER, లోక్ సభ=ORG","మీరా కుమార్=PER, లోక్ సభ=ORG",Clear PER and ORG
74,జైపూర్ రాజస్థాన్ రాష్ట్ర రాజధాని,"జైపూర్=LOC, రాజస్థాన్=LOC","జైపూర్=LOC, రాజస్థాన్=LOC",Two LOC entities
75,ఉద్ధవ్ థాకరే శివసేన పార్టీ నాయకుడు,"ఉద్ధవ్ థాకరే=PER, శివసేన=ORG","ఉద్ధవ్ థాకరే=PER, శివసేన=ORG",Clear PER and ORG
76,ఎయిర్ ఇండియా ముంబై నుండి లండన్ కు విమానాలు నడిపిస్తుంది,"ఎయిర్ ఇండియా=ORG, ముంబై=LOC, లండన్=LOC","ఎయిర్ ఇండియా=ORG, ముంబై=LOC, లండన్=LOC",ORG with two LOC
77,మహేంద్ర సింగ్ ధోని రాంచీకి చెందినవారు,"మహేంద్ర సింగ్ ధోని=PER, రాంచీ=LOC","మహేంద్ర సింగ్ ధోని=PER, రాంచీ=LOC",Clear PER and LOC
78,టెక్ మహింద్రా సంస్థ పుణె లో ఉంది,"టెక్ మహింద్రా=ORG, పుణె=LOC","టెక్ మహింద్రా=ORG, పుణె=LOC",Clear ORG and LOC
79,కలాం అబ్దుల్ భారత రాష్ట్రపతిగా పనిచేశారు,"కలాం అబ్దుల్=PER, భారత=LOC",కలాం అబ్దుల్=PER,Disagreement: భారత as LOC or not
80,డీఆర్డీవో హైదరాబాద్ లో క్షిపణులను అభివృద్ధి చేస్తుంది,"డీఆర్డీవో=ORG, హైదరాబాద్=LOC","డీఆర్డీవో=ORG, హైదరాబాద్=LOC",Abbreviation as ORG
81,ఇస్రో చంద్రయాన్ మూడు మిషన్ విజయవంతంగా ముగించింది,"ఇస్రో=ORG, చంద్రయాన్ మూడు=ORG",ఇస్రో=ORG,Disagreement: చంద్రయాన్ మూడు as ORG or not
82,నర్మదా నది మధ్యప్రదేశ్ లో ప్రవహిస్తుంది,"నర్మదా నది=LOC, మధ్యప్రదేశ్=LOC","నర్మదా=LOC, మధ్యప్రదేశ్=LOC",Disagreement: నర్మదా నది vs నర్మదా as span
83,మురళీధర్ రావు బీజేపీ జాతీయ ప్రధాన కార్యదర్శి,"మురళీధర్ రావు=PER, బీజేపీ=ORG","మురళీధర్ రావు=PER, బీజేపీ=ORG",Clear PER and ORG
84,అముల్ సంస్థ గుజరాత్ లో స్థాపించబడింది,"అముల్=ORG, గుజరాత్=LOC","అముల్=ORG, గుజరాత్=LOC",Clear ORG and LOC
85,సుప్రీంకోర్టు ఢిల్లీ లో ఉంది,"సుప్రీంకోర్టు=ORG, ఢిల్లీ=LOC","సుప్రీంకోర్టు=ORG, ఢిల్లీ=LOC",Clear ORG and LOC
86,పి చిదంబరం కాంగ్రెస్ పార్టీకి చెందిన సీనియర్ నాయకుడు,"పి చిదంబరం=PER, కాంగ్రెస్ పార్టీ=ORG","పి చిదంబరం=PER, కాంగ్రెస్ పార్టీ=ORG",Clear PER and ORG
87,ఉస్మానియా యూనివర్సిటీ హైదరాబాద్ లో ఉంది,"ఉస్మానియా యూనివర్సిటీ=ORG, హైదరాబాద్=LOC","ఉస్మానియా యూనివర్సిటీ=ORG, హైదరాబాద్=LOC",Clear ORG and LOC
88,జయలలిత తమిళనాడు ముఖ్యమంత్రిగా పలు పర్యాయాలు పనిచేశారు,"జయలలిత=PER, తమిళనాడు=LOC","జయలలిత=PER, తమిళనాడు=LOC",Clear PER and LOC
89,స్టేట్ బ్యాంక్ ఆఫ్ ఇండియా ముంబైలో ప్రధాన కార్యాలయం కలిగి ఉంది,"స్టేట్ బ్యాంక్ ఆఫ్ ఇండియా=ORG, ముంబై=LOC","స్టేట్ బ్యాంక్ ఆఫ్ ఇండియా=ORG, ముంబై=LOC",Clear ORG and LOC
90,నవీన్ పట్నాయక్ ఒడిశా ముఖ్యమంత్రిగా ఉన్నారు,"నవీన్ పట్నాయక్=PER, ఒడిశా=LOC","నవీన్ పట్నాయక్=PER, ఒడిశా=LOC",Clear PER and LOC
91,బోయింగ్ సంస్థ బెంగళూరు లో ఇంజినీరింగ్ కేంద్రం నిర్వహిస్తుంది,"బోయింగ్=ORG, బెంగళూరు=LOC","బోయింగ్=ORG, బెంగళూరు=LOC",Clear ORG and LOC
92,మేఘాలయ శిలాంగ్ రాజధానిగా కలిగి ఉంది,"మేఘాలయ=LOC, శిలాంగ్=LOC","మేఘాలయ=LOC, శిలాంగ్=LOC",Two LOC entities
93,హీరో మోటోకార్ప్ ఢిల్లీ లో నమోదైంది,"హీరో మోటోకార్ప్=ORG, ఢిల్లీ=LOC","హీరో మోటోకార్ప్=ORG, ఢిల్లీ=LOC",Clear ORG and LOC
94,కె చంద్రశేఖర్ రావు తెలంగాణ తొలి ముఖ్యమంత్రి,"కె చంద్రశేఖర్ రావు=PER, తెలంగాణ=LOC","కె చంద్రశేఖర్ రావు=PER, తెలంగాణ=LOC",Clear PER and LOC
95,జీఎంఆర్ గ్రూప్ హైదరాబాద్ విమానాశ్రయాన్ని నిర్వహిస్తుంది,"జీఎంఆర్ గ్రూప్=ORG, హైదరాబాద్=LOC","జీఎంఆర్ గ్రూప్=ORG, హైదరాబాద్=LOC",Clear ORG and LOC
96,ప్రతిభా పాటిల్ భారత రాష్ట్రపతిగా ఉన్నారు,"ప్రతిభా పాటిల్=PER, భారత=LOC",ప్రతిభా పాటిల్=PER,Disagreement: భారత as LOC or not annotated
97,జిందాల్ స్టీల్ ఛత్తీస్ గఢ్ లో ఉక్కు తయారు చేస్తుంది,"జిందాల్ స్టీల్=ORG, ఛత్తీస్ గఢ్=LOC","జిందాల్ స్టీల్=ORG, ఛత్తీస్ గఢ్=LOC",Clear ORG and LOC
98,మణిశంకర్ అయ్యర్ కాంగ్రెస్ పార్టీ నాయకుడు,"మణిశంకర్ అయ్యర్=PER, కాంగ్రెస్ పార్టీ=ORG","మణిశంకర్ అయ్యర్=PER, కాంగ్రెస్ పార్టీ=ORG",Clear PER and ORG
99,శ్రీ వెంకటేశ్వర యూనివర్సిటీ తిరుపతి లో ఉంది,"శ్రీ వెంకటేశ్వర యూనివర్సిటీ=ORG, తిరుపతి=LOC","శ్రీ వెంకటేశ్వర యూనివర్సిటీ=ORG, తిరుపతి=LOC",Clear ORG and LOC
100,అల్లు అర్జున్ హైదరాబాద్ కు చెందిన సినీ నటుడు,"అల్లు అర్జున్=PER, హైదరాబాద్=LOC","అల్లు అర్జున్=PER, హైదరాబాద్=LOC",Clear PER and LOC
101,సల్మాన్ ఖాన్ ముంబైలో నివసిస్తారు,"సల్మాన్ ఖాన్=PER, ముంబై=LOC","సల్మాన్ ఖాన్=PER, ముంబై=LOC",Clear PER and LOC
102,రిజర్వ్ బ్యాంక్ ఆఫ్ ఇండియా ముంబైలో ఉంది,"రిజర్వ్ బ్యాంక్ ఆఫ్ ఇండియా=ORG, ముంబై=LOC","రిజర్వ్ బ్యాంక్ ఆఫ్ ఇండియా=ORG, ముంబై=LOC",Clear ORG and LOC
103,సైనా నెహ్వాల్ హైదరాబాద్ కు చెందిన బ్యాడ్మింటన్ ఆటగాళ్ళు,"సైనా నెహ్వాల్=PER, హైదరాబాద్=LOC","సైనా నెహ్వాల్=PER, హైదరాబాద్=LOC",Clear PER and LOC
104,హిందుస్తాన్ పెట్రోలియం కార్పొరేషన్ ముంబైలో నమోదైంది,"హిందుస్తాన్ పెట్రోలియం కార్పొరేషన్=ORG, ముంబై=LOC","హిందుస్తాన్ పెట్రోలియం కార్పొరేషన్=ORG, ముంబై=LOC",Clear ORG and LOC
105,దేవేంద్ర ఫడ్నవీస్ మహారాష్ట్ర ముఖ్యమంత్రి,"దేవేంద్ర ఫడ్నవీస్=PER, మహారాష్ట్ర=LOC","దేవేంద్ర ఫడ్నవీస్=PER, మహారాష్ట్ర=LOC",Clear PER and LOC
106,జాతీయ స్టాక్ ఎక్స్ఛేంజ్ ముంబైలో ఉంది,"జాతీయ స్టాక్ ఎక్స్ఛేంజ్=ORG, ముంబై=LOC","జాతీయ స్టాక్ ఎక్స్ఛేంజ్=ORG, ముంబై=LOC",Clear ORG and LOC
107,మిల్ఖా సింగ్ పంజాబ్ కు చెందిన ప్రఖ్యాత అథ్లెట్,"మిల్ఖా సింగ్=PER, పంజాబ్=LOC","మిల్ఖా సింగ్=PER, పంజాబ్=LOC",Clear PER and LOC
108,బ్రహ్మపుత్ర నది అస్సాంలో ప్రవహిస్తుంది,"బ్రహ్మపుత్ర నది=LOC, అస్సాం=LOC","బ్రహ్మపుత్ర=LOC, అస్సాం=LOC",Disagreement: బ్రహ్మపుత్ర నది vs బ్రహ్మపుత్ర as span
109,ఆర్కె పచౌరి టెరి సంస్థకు నేతృత్వం వహించారు,"ఆర్కె పచౌరి=PER, టెరి=ORG","ఆర్కె పచౌరి=PER, టెరి=ORG",Clear PER and ORG
110,చెన్నై లో ఐఐటీ మద్రాస్ ఉంది,"ఐఐటీ మద్రాస్=ORG, చెన్నై=LOC","ఐఐటీ మద్రాస్=ORG, చెన్నై=LOC",Clear ORG and LOC
111,మహాత్మా గాంధీ పోర్బందర్ లో జన్మించారు,"మహాత్మా గాంధీ=PER, పోర్బందర్=LOC","మహాత్మా గాంధీ=PER, పోర్బందర్=LOC",Clear PER and LOC
112,భారత్ పెట్రోలియం కార్పొరేషన్ ముంబైలో నమోదైంది,"భారత్ పెట్రోలియం కార్పొరేషన్=ORG, ముంబై=LOC","భారత్ పెట్రోలియం కార్పొరేషన్=ORG, ముంబై=LOC",Clear ORG and LOC
113,నితిన్ గడ్కరీ నాగ్పూర్ నుండి ఎన్నికయ్యారు,"నితిన్ గడ్కరీ=PER, నాగ్పూర్=LOC","నితిన్ గడ్కరీ=PER, నాగ్పూర్=LOC",Clear PER and LOC
114,మహీంద్రా అండ్ మహీంద్రా పుణె లో ఉంది,"మహీంద్రా అండ్ మహీంద్రా=ORG, పుణె=LOC","మహీంద్రా అండ్ మహీంద్రా=ORG, పుణె=LOC",Clear ORG and LOC
115,స్వాతి మాలివాల్ ఆమ్ ఆద్మీ పార్టీ రాజ్యసభ సభ్యురాలు,"స్వాతి మాలివాల్=PER, ఆమ్ ఆద్మీ పార్టీ=ORG","స్వాతి మాలివాల్=PER, ఆమ్ ఆద్మీ పార్టీ=ORG",Clear PER and ORG
116,కోల్కతా నైట్ రైడర్స్ ఐపీఎల్ జట్టు కోల్కతాకు చెందినది,"కోల్కతా నైట్ రైడర్స్=ORG, కోల్కతా=LOC","కోల్కతా నైట్ రైడర్స్=ORG, కోల్కతా=LOC",Clear ORG and LOC
117,రాజేంద్ర ప్రసాద్ భారత తొలి రాష్ట్రపతి,"రాజేంద్ర ప్రసాద్=PER, భారత=LOC",రాజేంద్ర ప్రసాద్=PER,Disagreement: భారత as LOC or not
118,వెదాంత యూనివర్సిటీ ఒడిశాలో నిర్మించాలని ప్రతిపాదించారు,"వెదాంత యూనివర్సిటీ=ORG, ఒడిశా=LOC","వెదాంత యూనివర్సిటీ=ORG, ఒడిశా=LOC",Clear ORG and LOC
119,ప్రకాశ్ జావడేకర్ బీజేపీ నాయకుడు,"ప్రకాశ్ జావడేకర్=PER, బీజేపీ=ORG","ప్రకాశ్ జావడేకర్=PER, బీజేపీ=ORG",Clear PER and ORG
120,ముంబై ఇండియన్స్ ఐపీఎల్ లో అత్యంత విజయవంతమైన జట్టు,"ముంబై ఇండియన్స్=ORG, ముంబై=LOC",ముంబై ఇండియన్స్=ORG,Disagreement: ముంబై as LOC separately or only part of ORG
121,శివరాజ్ సింగ్ చౌహాన్ మధ్యప్రదేశ్ ముఖ్యమంత్రి,"శివరాజ్ సింగ్ చౌహాన్=PER, మధ్యప్రదేశ్=LOC","శివరాజ్ సింగ్ చౌహాన్=PER, మధ్యప్రదేశ్=LOC",Clear PER and LOC
122,ఎన్టీపీసీ ఢిల్లీ లో ప్రధాన కార్యాలయం కలిగి ఉంది,"ఎన్టీపీసీ=ORG, ఢిల్లీ=LOC","ఎన్టీపీసీ=ORG, ఢిల్లీ=LOC",Abbreviation as ORG
123,మేరీ కోమ్ మణిపూర్ కు చెందిన బాక్సర్,"మేరీ కోమ్=PER, మణిపూర్=LOC","మేరీ కోమ్=PER, మణిపూర్=LOC",Clear PER and LOC
124,హైదరాబాద్ ఫుట్ బాల్ క్లబ్ ఐ లీగ్ లో పాల్గొంటుంది,"హైదరాబాద్ ఫుట్ బాల్ క్లబ్=ORG, హైదరాబాద్=LOC","హైదరాబాద్ ఫుట్ బాల్ క్లబ్=ORG, హైదరాబాద్=LOC",Disagreement: హైదరాబాద్ as LOC separately or in ORG
125,అరుణ్ జైట్లీ బీజేపీ నేత మరియు మాజీ ఆర్థిక మంత్రి,"అరుణ్ జైట్లీ=PER, బీజేపీ=ORG","అరుణ్ జైట్లీ=PER, బీజేపీ=ORG",Clear PER and ORG
126,ఐఐటీ బాంబే ముంబైలో ఉంది,"ఐఐటీ బాంబే=ORG, ముంబై=LOC","ఐఐటీ బాంబే=ORG, ముంబై=LOC",Clear ORG and LOC
127,భగత్ సింగ్ పంజాబ్ లో జన్మించిన స్వాతంత్ర్య సమరయోధుడు,"భగత్ సింగ్=PER, పంజాబ్=LOC","భగత్ సింగ్=PER, పంజాబ్=LOC",Clear PER and LOC
128,మారుతి సుజుకి గుర్గావ్ లో కార్లు తయారు చేస్తుంది,"మారుతి సుజుకి=ORG, గుర్గావ్=LOC","మారుతి సుజుకి=ORG, గుర్గావ్=LOC",Clear ORG and LOC
129,నజ్మా హెప్తుల్లా కాంగ్రెస్ మరియు బీజేపీలో పనిచేశారు,"నజ్మా హెప్తుల్లా=PER, కాంగ్రెస్=ORG, బీజేపీ=ORG","నజ్మా హెప్తుల్లా=PER, కాంగ్రెస్=ORG, బీజేపీ=ORG",PER with two ORG
130,ఇండియన్ ఆయిల్ కార్పొరేషన్ ఢిల్లీ లో ఉంది,"ఇండియన్ ఆయిల్ కార్పొరేషన్=ORG, ఢిల్లీ=LOC","ఇండియన్ ఆయిల్ కార్పొరేషన్=ORG, ఢిల్లీ=LOC",Clear ORG and LOC
131,అభినవ్ బింద్రా ఒలింపిక్ స్వర్ణ పతకం గెలిచారు,అభినవ్ బింద్రా=PER,అభినవ్ బింద్రా=PER,"Only PER, no LOC or ORG"
132,జవహర్లాల్ నెహ్రూ విశ్వవిద్యాలయం ఢిల్లీ లో ఉంది,"జవహర్లాల్ నెహ్రూ విశ్వవిద్యాలయం=ORG, ఢిల్లీ=LOC","జవహర్లాల్ నెహ్రూ విశ్వవిద్యాలయం=ORG, ఢిల్లీ=LOC",University name as ORG
133,ఎం కె స్టాలిన్ తమిళనాడు ముఖ్యమంత్రి,"ఎం కె స్టాలిన్=PER, తమిళనాడు=LOC","ఎం కె స్టాలిన్=PER, తమిళనాడు=LOC",Clear PER and LOC
134,భారత స్టేట్ బ్యాంక్ ఖాతాదారులు దేశవ్యాప్తంగా ఉన్నారు,భారత స్టేట్ బ్యాంక్=ORG,భారత స్టేట్ బ్యాంక్=ORG,Only ORG
135,లాల్ బహదూర్ శాస్త్రి భారత రెండో ప్రధానమంత్రి,"లాల్ బహదూర్ శాస్త్రి=PER, భారత=LOC",లాల్ బహదూర్ శాస్త్రి=PER,Disagreement: భారత as LOC or not
136,ఒంగోల్ ఆంధ్రప్రదేశ్ లోని ప్రకాశం జిల్లా కేంద్రం,"ఒంగోల్=LOC, ఆంధ్రప్రదేశ్=LOC, ప్రకాశం=LOC","ఒంగోల్=LOC, ఆంధ్రప్రదేశ్=LOC, ప్రకాశం=LOC",Three LOC entities
137,అక్షయ్ కుమార్ బాలీవుడ్ నటుడు,అక్షయ్ కుమార్=PER,అక్షయ్ కుమార్=PER,Only PER
138,ఇండిగో ఎయిర్ లైన్స్ ఢిల్లీ నుండి నిర్వహిస్తుంది,"ఇండిగో=ORG, ఢిల్లీ=LOC","ఇండిగో=ORG, ఢిల్లీ=LOC",Clear ORG and LOC
139,ఉమర్ అబ్దుల్లా జమ్మూ కాశ్మీర్ ముఖ్యమంత్రి,"ఉమర్ అబ్దుల్లా=PER, జమ్మూ కాశ్మీర్=LOC","ఉమర్ అబ్దుల్లా=PER, జమ్మూ కాశ్మీర్=LOC",Clear PER and LOC
140,సన్ ఫార్మా సంస్థ ముంబైలో నమోదైంది,"సన్ ఫార్మా=ORG, ముంబై=LOC","సన్ ఫార్మా=ORG, ముంబై=LOC",Clear ORG and LOC
141,జీ రాం ప్రసాద్ బిస్మిల్ లఖ్నవ్ లో ఉరితీయబడ్డారు,"జీ రాం ప్రసాద్ బిస్మిల్=PER, లఖ్నవ్=LOC","జీ రాం ప్రసాద్ బిస్మిల్=PER, లఖ్నవ్=LOC",Clear PER and LOC
142,జిందాల్ పవర్ ఛత్తీస్ గఢ్ లో విద్యుత్ ఉత్పత్తి చేస్తుంది,"జిందాల్ పవర్=ORG, ఛత్తీస్ గఢ్=LOC","జిందాల్ పవర్=ORG, ఛత్తీస్ గఢ్=LOC",Clear ORG and LOC
143,గీతా ఫోగట్ హరియాణా కు చెందిన రెజ్లర్,"గీతా ఫోగట్=PER, హరియాణా=LOC","గీతా ఫోగట్=PER, హరియాణా=LOC",Clear PER and LOC
144,ఎల్ అండ్ టీ సంస్థ ముంబై లో ప్రధాన కార్యాలయం కలిగి ఉంది,"ఎల్ అండ్ టీ=ORG, ముంబై=LOC","ఎల్ అండ్ టీ=ORG, ముంబై=LOC",Clear ORG and LOC
145,హేమంత్ సోరెన్ జార్ఖండ్ ముఖ్యమంత్రి,"హేమంత్ సోరెన్=PER, జార్ఖండ్=LOC","హేమంత్ సోరెన్=PER, జార్ఖండ్=LOC",Clear PER and LOC
146,బెంగళూరులో ఐఐఎస్సీ భారతదేశంలో అగ్రగామి విశ్వవిద్యాలయం,"ఐఐఎస్సీ=ORG, బెంగళూరు=LOC","ఐఐఎస్సీ=ORG, బెంగళూరు=LOC",Clear ORG and LOC
147,సరోజినీ నాయుడు హైదరాబాద్ లో జన్మించారు,"సరోజినీ నాయుడు=PER, హైదరాబాద్=LOC","సరోజినీ నాయుడు=PER, హైదరాబాద్=LOC",Clear PER and LOC
148,స్పైస్ జెట్ సంస్థ ఢిల్లీ నుండి కార్యకలాపాలు నిర్వహిస్తుంది,"స్పైస్ జెట్=ORG, ఢిల్లీ=LOC","స్పైస్ జెట్=ORG, ఢిల్లీ=LOC",Clear ORG and LOC
149,భూపేష్ బఘేల్ కాంగ్రెస్ నేత,"భూపేష్ బఘేల్=PER, కాంగ్రెస్=ORG","భూపేష్ బఘేల్=PER, కాంగ్రెస్=ORG",Clear PER and ORG
150,ఆయుష్మాన్ ఖురానా బాలీవుడ్ నటుడు,ఆయుష్మాన్ ఖురానా=PER,ఆయుష్మాన్ ఖురానా=PER,Only PER
151,నేషనల్ థర్మల్ పవర్ కార్పొరేషన్ ఢిల్లీలో నమోదైంది,"నేషనల్ థర్మల్ పవర్ కార్పొరేషన్=ORG, ఢిల్లీ=LOC","నేషనల్ థర్మల్ పవర్ కార్పొరేషన్=ORG, ఢిల్లీ=LOC",Full form as ORG
152,మురళి విజయ్ తమిళనాడు కు చెందిన క్రికెటర్,"మురళి విజయ్=PER, తమిళనాడు=LOC","మురళి విజయ్=PER, తమిళనాడు=LOC",Clear PER and LOC
153,ఇంఫోసిస్ మైసూరులో శిక్షణ కేంద్రం నిర్వహిస్తుంది,"ఇంఫోసిస్=ORG, మైసూరు=LOC","ఇంఫోసిస్=ORG, మైసూరు=LOC",Clear ORG and LOC
154,శశి థరూర్ కాంగ్రెస్ పార్టీ ప్రముఖ నాయకుడు,"శశి థరూర్=PER, కాంగ్రెస్ పార్టీ=ORG","శశి థరూర్=PER, కాంగ్రెస్ పార్టీ=ORG",Clear PER and ORG
155,తుంగభద్ర నది కర్ణాటకలో ప్రవహిస్తుంది,"తుంగభద్ర నది=LOC, కర్ణాటక=LOC","తుంగభద్ర=LOC, కర్ణాటక=LOC",Disagreement: నది as part of span or not
156,జ్ఞానేశ్వర్ ముక్తిబోధ్ మహారాష్ట్ర నుండి రాజ్యసభ సభ్యుడు,"జ్ఞానేశ్వర్ ముక్తిబోధ్=PER, మహారాష్ట్ర=LOC","జ్ఞానేశ్వర్ ముక్తిబోధ్=PER, మహారాష్ట్ర=LOC",Clear PER and LOC
157,అపోలో హాస్పిటల్స్ చెన్నైలో స్థాపించబడింది,"అపోలో హాస్పిటల్స్=ORG, చెన్నై=LOC","అపోలో హాస్పిటల్స్=ORG, చెన్నై=LOC",Clear ORG and LOC
158,ప్రభాస్ నల్లమల అడవుల సమీపంలో నివసించేవారు,"ప్రభాస్=PER, నల్లమల=LOC","ప్రభాస్=PER, నల్లమల=LOC",Clear PER and LOC
159,ఒఎన్జీసీ సంస్థ ముంబై అఫ్ షోర్ లో చమురు తీస్తుంది,"ఒఎన్జీసీ=ORG, ముంబై=LOC","ఒఎన్జీసీ=ORG, ముంబై=LOC",Abbreviation as ORG
160,సిద్ధరామయ్య కర్ణాటక ముఖ్యమంత్రి,"సిద్ధరామయ్య=PER, కర్ణాటక=LOC","సిద్ధరామయ్య=PER, కర్ణాటక=LOC",Clear PER and LOC
161,టాటా స్టీల్ జమ్షెడ్పూర్ లో ఉక్కు ఉత్పత్తి చేస్తుంది,"టాటా స్టీల్=ORG, జమ్షెడ్పూర్=LOC","టాటా స్టీల్=ORG, జమ్షెడ్పూర్=LOC",Clear ORG and LOC
162,రాజ్నాథ్ సింగ్ బీజేపీ సీనియర్ నాయకుడు,"రాజ్నాథ్ సింగ్=PER, బీజేపీ=ORG","రాజ్నాథ్ సింగ్=PER, బీజేపీ=ORG",Clear PER and ORG
163,హుబ్లీ కర్ణాటకలో పారిశ్రామిక నగరం,"హుబ్లీ=LOC, కర్ణాటక=LOC","హుబ్లీ=LOC, కర్ణాటక=LOC",Two LOC entities
164,రంజిత్ సింహ్ ఛత్రపతి సంభాజీ నగర్ నుండి ఎన్నికయ్యారు,"రంజిత్ సింహ్=PER, సంభాజీ నగర్=LOC","రంజిత్ సింహ్=PER, సంభాజీ నగర్=LOC",Clear PER and LOC
165,ఆంధ్రా బ్యాంక్ విజయవాడలో స్థాపించబడింది,"ఆంధ్రా బ్యాంక్=ORG, విజయవాడ=LOC","ఆంధ్రా బ్యాంక్=ORG, విజయవాడ=LOC",Clear ORG and LOC
166,ప్రీతి జింటా పంజాబ్ కింగ్స్ జట్టు యజమాని,"ప్రీతి జింటా=PER, పంజాబ్ కింగ్స్=ORG","ప్రీతి జింటా=PER, పంజాబ్ కింగ్స్=ORG",Clear PER and ORG
167,ఇండియన్ స్పేస్ రీసెర్చ్ ఆర్గనైజేషన్ శ్రీహరికోటలో రాకెట్లు ప్రయోగిస్తుంది,"ఇండియన్ స్పేస్ రీసెర్చ్ ఆర్గనైజేషన్=ORG, శ్రీహరికోట=LOC","ఇండియన్ స్పేస్ రీసెర్చ్ ఆర్గనైజేషన్=ORG, శ్రీహరికోట=LOC",Clear ORG and LOC
168,ఆనంద్ మహీంద్రా మహీంద్రా గ్రూప్ అధినేత,"ఆనంద్ మహీంద్రా=PER, మహీంద్రా గ్రూప్=ORG","ఆనంద్ మహీంద్రా=PER, మహీంద్రా గ్రూప్=ORG",Clear PER and ORG
169,నాగార్జున సాగర్ డ్యామ్ నల్గొండ జిల్లాలో ఉంది,"నాగార్జున సాగర్=LOC, నల్గొండ=LOC","నాగార్జున సాగర్=LOC, నల్గొండ=LOC",Two LOC entities
170,లోక్ సభ స్పీకర్ ఓం బిర్లా రాజస్థాన్ నుండి ఎన్నికయ్యారు,"ఓం బిర్లా=PER, లోక్ సభ=ORG, రాజస్థాన్=LOC","ఓం బిర్లా=PER, రాజస్థాన్=LOC",Disagreement: లోక్ సభ as ORG or not
171,కన్హయ్య కుమార్ సీపీఐ నాయకుడు,"కన్హయ్య కుమార్=PER, సీపీఐ=ORG","కన్హయ్య కుమార్=PER, సీపీఐ=ORG",Clear PER and ORG
172,ప్రతిభా పాటిల్ పుణె కు చెందినవారు,"ప్రతిభా పాటిల్=PER, పుణె=LOC","ప్రతిభా పాటిల్=PER, పుణె=LOC",Clear PER and LOC
173,హైదరాబాద్ రాజ్యం నిజాం పాలనలో ఉండేది,హైదరాబాద్=LOC,హైదరాబాద్=LOC,Only LOC
174,విక్రమ్ సారాభాయ్ ఇస్రో వ్యవస్థాపకుడు,"విక్రమ్ సారాభాయ్=PER, ఇస్రో=ORG","విక్రమ్ సారాభాయ్=PER, ఇస్రో=ORG",Clear PER and ORG
175,డీఎల్ఎఫ్ సంస్థ గుర్గావ్ లో రియల్ ఎస్టేట్ నిర్వహిస్తుంది,"డీఎల్ఎఫ్=ORG, గుర్గావ్=LOC","డీఎల్ఎఫ్=ORG, గుర్గావ్=LOC",Clear ORG and LOC
176,చంద్రికా ప్రసాద్ శ్రీవాస్తవ ఐఎంవో అధ్యక్షుడు,"చంద్రికా ప్రసాద్ శ్రీవాస్తవ=PER, ఐఎంవో=ORG","చంద్రికా ప్రసాద్ శ్రీవాస్తవ=PER, ఐఎంవో=ORG",Clear PER and ORG
177,వేంపటి చినసత్యం కూచిపూడి నృత్యకారుడు,"వేంపటి చినసత్యం=PER, కూచిపూడి=LOC","వేంపటి చినసత్యం=PER, కూచిపూడి=LOC",LOC is name of dance form origin place
178,స్టీల్ అథారిటీ ఆఫ్ ఇండియా ఢిల్లీలో నమోదైంది,"స్టీల్ అథారిటీ ఆఫ్ ఇండియా=ORG, ఢిల్లీ=LOC","స్టీల్ అథారిటీ ఆఫ్ ఇండియా=ORG, ఢిల్లీ=LOC",Clear ORG and LOC
179,ఎన్ చంద్రబాబు నాయుడు తెలుగు దేశం పార్టీ నాయకుడు,"ఎన్ చంద్రబాబు నాయుడు=PER, తెలుగు దేశం పార్టీ=ORG","ఎన్ చంద్రబాబు నాయుడు=PER, తెలుగు దేశం పార్టీ=ORG",Clear PER and ORG
180,గోదావరి నది రాజమహేంద్రవరం వద్ద సముద్రంలో కలుస్తుంది,"గోదావరి నది=LOC, రాజమహేంద్రవరం=LOC","గోదావరి=LOC, రాజమహేంద్రవరం=LOC",Disagreement: గోదావరి నది vs గోదావరి as span
181,సోనీ మ్యూజిక్ ముంబైలో భారత కార్యకలాపాలు నిర్వహిస్తుంది,"సోనీ మ్యూజిక్=ORG, ముంబై=LOC","సోనీ మ్యూజిక్=ORG, ముంబై=LOC",Clear ORG and LOC
182,సురేష్ ప్రభు రైల్వే మంత్రిగా పనిచేశారు,సురేష్ ప్రభు=PER,సురేష్ ప్రభు=PER,Only PER
183,అమృత్ సర్ పంజాబ్ లోని పవిత్ర నగరం,"అమృత్ సర్=LOC, పంజాబ్=LOC","అమృత్ సర్=LOC, పంజాబ్=LOC",Two LOC entities
184,నీలం సంజీవ రెడ్డి భారత రాష్ట్రపతి,"నీలం సంజీవ రెడ్డి=PER, భారత=LOC",నీలం సంజీవ రెడ్డి=PER,Disagreement: భారత as LOC or not
185,బయోకాన్ సంస్థ బెంగళూరులో జీవ ఔషధాలు తయారు చేస్తుంది,"బయోకాన్=ORG, బెంగళూరు=LOC","బయోకాన్=ORG, బెంగళూరు=LOC",Clear ORG and LOC
186,ఎంఎస్ స్వామినాథన్ వ్యవసాయ శాస్త్రవేత్త,ఎంఎస్ స్వామినాథన్=PER,ఎంఎస్ స్వామినాథన్=PER,Only PER
187,పెన్ స్టేషన్ సురత్ లో కొత్తగా నిర్మించారు,సురత్=LOC,సురత్=LOC,Only LOC
188,రాజీవ్ గాంధీ ఇంటర్నేషనల్ ఎయిర్పోర్ట్ హైదరాబాద్ లో ఉంది,"రాజీవ్ గాంధీ ఇంటర్నేషనల్ ఎయిర్పోర్ట్=ORG, హైదరాబాద్=LOC","రాజీవ్ గాంధీ ఇంటర్నేషనల్ ఎయిర్పోర్ట్=ORG, హైదరాబాద్=LOC",Airport name as ORG
189,అమర్ సింగ్ చంపాయ్ జార్ఖండ్ రాజకీయ నాయకుడు,"అమర్ సింగ్ చంపాయ్=PER, జార్ఖండ్=LOC","అమర్ సింగ్ చంపాయ్=PER, జార్ఖండ్=LOC",Clear PER and LOC
190,కోకో కోలా సంస్థ భారతదేశంలో పుణె లో ఉత్పత్తి కేంద్రం నిర్వహిస్తుంది,"కోకో కోలా=ORG, పుణె=LOC","కోకో కోలా=ORG, పుణె=LOC",Clear ORG and LOC
191,పి కె కురియన్ కేరళ నుండి రాజ్యసభ సభ్యుడు,"పి కె కురియన్=PER, కేరళ=LOC","పి కె కురియన్=PER, కేరళ=LOC",Clear PER and LOC
192,హిందుస్తాన్ ఏరోనాటిక్స్ లిమిటెడ్ బెంగళూరులో యుద్ధ విమానాలు తయారు చేస్తుంది,"హిందుస్తాన్ ఏరోనాటిక్స్ లిమిటెడ్=ORG, బెంగళూరు=LOC","హిందుస్తాన్ ఏరోనాటిక్స్ లిమిటెడ్=ORG, బెంగళూరు=LOC",Clear ORG and LOC
193,కిశోర్ కుమార్ ఖండ్వా లో జన్మించారు,"కిశోర్ కుమార్=PER, ఖండ్వా=LOC","కిశోర్ కుమార్=PER, ఖండ్వా=LOC",Clear PER and LOC
194,ఇండిగో ఎయిర్ లైన్స్ హైదరాబాద్ నుండి ముంబై కు విమానాలు నడిపిస్తుంది,"ఇండిగో=ORG, హైదరాబాద్=LOC, ముంబై=LOC","ఇండిగో=ORG, హైదరాబాద్=LOC, ముంబై=LOC",ORG with two LOC
195,వసుంధరా రాజే రాజస్థాన్ ముఖ్యమంత్రిగా పనిచేశారు,"వసుంధరా రాజే=PER, రాజస్థాన్=LOC","వసుంధరా రాజే=PER, రాజస్థాన్=LOC",Clear PER and LOC
196,ఫోర్టిస్ హాస్పిటల్స్ గుర్గావ్ లో ఉంది,"ఫోర్టిస్ హాస్పిటల్స్=ORG, గుర్గావ్=LOC","ఫోర్టిస్ హాస్పిటల్స్=ORG, గుర్గావ్=LOC",Clear ORG and LOC
197,ఎ రాజా డీఎంకె పార్టీకి చెందిన నాయకుడు,"ఎ రాజా=PER, డీఎంకె=ORG","ఎ రాజా=PER, డీఎంకె=ORG",Clear PER and ORG
198,గుంటూరు ఆంధ్రప్రదేశ్ లో మిరపకాయలకు ప్రసిద్ధి,"గుంటూరు=LOC, ఆంధ్రప్రదేశ్=LOC","గుంటూరు=LOC, ఆంధ్రప్రదేశ్=LOC",Two LOC entities
199,ఆర్ అశ్విన్ తమిళనాడు కు చెందిన క్రికెటర్,"ఆర్ అశ్విన్=PER, తమిళనాడు=LOC","ఆర్ అశ్విన్=PER, తమిళనాడు=LOC",Clear PER and LOC
200,మేఘన రాజకుమారి బ్రిటన్ రాజ పరివారంలో చేరారు,"మేఘన=PER, బ్రిటన్=LOC","మేఘన=PER, బ్రిటన్=LOC",Clear PER and LOC
201,పేటీఎం పేమెంట్స్ బ్యాంక్ నోయిడా లో కార్యకలాపాలు నిర్వహించేది,"పేటీఎం పేమెంట్స్ బ్యాంక్=ORG, నోయిడా=LOC","పేటీఎం పేమెంట్స్ బ్యాంక్=ORG, నోయిడా=LOC",Clear ORG and LOC
202,ఎన్ఆర్ నారాయణ మూర్తి ఇన్ఫోసిస్ కో-ఫౌండర్,"ఎన్ఆర్ నారాయణ మూర్తి=PER, ఇన్ఫోసిస్=ORG","ఎన్ఆర్ నారాయణ మూర్తి=PER, ఇన్ఫోసిస్=ORG",Clear PER and ORG
203,పిన్నమనేని చంద్రశేఖర్ మచిలీపట్నం నుండి ఎన్నికయ్యారు,"పిన్నమనేని చంద్రశేఖర్=PER, మచిలీపట్నం=LOC","పిన్నమనేని చంద్రశేఖర్=PER, మచిలీపట్నం=LOC",Clear PER and LOC
204,నైనా లాల్ కిద్వాయ్ ఎచ్ఎస్బీసీ బ్యాంక్ ఇండియా అధ్యక్షురాలు,"నైనా లాల్ కిద్వాయ్=PER, ఎచ్ఎస్బీసీ=ORG","నైనా లాల్ కిద్వాయ్=PER, ఎచ్ఎస్బీసీ=ORG",Clear PER and ORG
205,సికింద్రాబాద్ హైదరాబాద్ కు పక్కనే ఉన్న నగరం,"సికింద్రాబాద్=LOC, హైదరాబాద్=LOC","సికింద్రాబాద్=LOC, హైదరాబాద్=LOC",Two LOC entities
206,ఝార్ఖండ్ ముక్తి మోర్చా జార్ఖండ్ లో అధికారంలో ఉంది,"ఝార్ఖండ్ ముక్తి మోర్చా=ORG, జార్ఖండ్=LOC","ఝార్ఖండ్ ముక్తి మోర్చా=ORG, జార్ఖండ్=LOC",Clear ORG and LOC
207,అనిల్ కపూర్ ముంబైలో నివసిస్తారు,"అనిల్ కపూర్=PER, ముంబై=LOC","అనిల్ కపూర్=PER, ముంబై=LOC",Clear PER and LOC
208,ఏఆర్ రెహమాన్ చెన్నైకి చెందిన సంగీతకారుడు,"ఏఆర్ రెహమాన్=PER, చెన్నై=LOC","ఏఆర్ రెహమాన్=PER, చెన్నై=LOC",Clear PER and LOC
209,జాతీయ రక్షా అకాడమీ పుణె సమీపంలో ఉంది,"జాతీయ రక్షా అకాడమీ=ORG, పుణె=LOC","జాతీయ రక్షా అకాడమీ=ORG, పుణె=LOC",Clear ORG and LOC
210,శరద్ పవార్ నేషనలిస్ట్ కాంగ్రెస్ పార్టీ వ్యవస్థాపకుడు,"శరద్ పవార్=PER, నేషనలిస్ట్ కాంగ్రెస్ పార్టీ=ORG","శరద్ పవార్=PER, నేషనలిస్ట్ కాంగ్రెస్ పార్టీ=ORG",Clear PER and ORG
211,బ్రహ్మోస్ క్షిపణి భారత రష్యా సంయుక్త సంస్థ తయారు చేస్తుంది,"బ్రహ్మోస్=ORG, భారత=LOC, రష్యా=LOC","బ్రహ్మోస్=ORG, రష్యా=LOC",Disagreement: భారత as LOC or not
212,ఉజ్జయిని మధ్యప్రదేశ్ లో పవిత్ర నగరం,"ఉజ్జయిని=LOC, మధ్యప్రదేశ్=LOC","ఉజ్జయిని=LOC, మధ్యప్రదేశ్=LOC",Two LOC entities
213,ఆర్ఎస్ఎస్ నాగ్పూర్ లో స్థాపించబడింది,"ఆర్ఎస్ఎస్=ORG, నాగ్పూర్=LOC","ఆర్ఎస్ఎస్=ORG, నాగ్పూర్=LOC",Abbreviation as ORG
214,ధోని ముంబై ఇండియన్స్ తో ఆడలేదు,"ధోని=PER, ముంబై ఇండియన్స్=ORG","ధోని=PER, ముంబై ఇండియన్స్=ORG",Clear PER and ORG
215,ఆచార్య నాగార్జున విశ్వవిద్యాలయం గుంటూరులో ఉంది,"ఆచార్య నాగార్జున విశ్వవిద్యాలయం=ORG, గుంటూరు=LOC","ఆచార్య నాగార్జున విశ్వవిద్యాలయం=ORG, గుంటూరు=LOC",Clear ORG and LOC
216,ఐఐటీ ఖరగ్పూర్ పశ్చిమ బెంగాల్ లో ఉంది,"ఐఐటీ ఖరగ్పూర్=ORG, పశ్చిమ బెంగాల్=LOC","ఐఐటీ ఖరగ్పూర్=ORG, పశ్చిమ బెంగాల్=LOC",Clear ORG and LOC
217,అమితాబ్ బచ్చన్ బాలీవుడ్ లెజెండ్,అమితాబ్ బచ్చన్=PER,అమితాబ్ బచ్చన్=PER,Only PER
218,నర్సాపురం ఆంధ్రప్రదేశ్ లో లేస్ పరిశ్రమకు ప్రసిద్ధి,"నర్సాపురం=LOC, ఆంధ్రప్రదేశ్=LOC","నర్సాపురం=LOC, ఆంధ్రప్రదేశ్=LOC",Two LOC entities
219,పురుషోత్తమ్ దాస్ టండన్ కాంగ్రెస్ పార్టీ నాయకుడు,"పురుషోత్తమ్ దాస్ టండన్=PER, కాంగ్రెస్ పార్టీ=ORG","పురుషోత్తమ్ దాస్ టండన్=PER, కాంగ్రెస్ పార్టీ=ORG",Clear PER and ORG
220,ఈస్టర్న్ కోల్ ఫీల్డ్స్ లిమిటెడ్ పశ్చిమ బెంగాల్ లో బొగ్గు తీస్తుంది,"ఈస్టర్న్ కోల్ ఫీల్డ్స్ లిమిటెడ్=ORG, పశ్చిమ బెంగాల్=LOC","ఈస్టర్న్ కోల్ ఫీల్డ్స్ లిమిటెడ్=ORG, పశ్చిమ బెంగాల్=LOC",Clear ORG and LOC
221,దిలీప్ కుమార్ పేషావర్ లో జన్మించారు,"దిలీప్ కుమార్=PER, పేషావర్=LOC","దిలీప్ కుమార్=PER, పేషావర్=LOC",Clear PER and LOC
222,అల్ట్రా టెక్ సిమెంట్ ముంబై లో ప్రధాన కార్యాలయం కలిగి ఉంది,"అల్ట్రా టెక్ సిమెంట్=ORG, ముంబై=LOC","అల్ట్రా టెక్ సిమెంట్=ORG, ముంబై=LOC",Clear ORG and LOC
223,అరుణాచలం మురుగనంతం సోషల్ ఎంటర్ప్రెన్యూర్,అరుణాచలం మురుగనంతం=PER,అరుణాచలం మురుగనంతం=PER,Only PER
224,ఆంధ్రప్రదేశ్ పారిశ్రామిక అభివృద్ధి సంస్థ విజయవాడ లో ఉంది,"ఆంధ్రప్రదేశ్ పారిశ్రామిక అభివృద్ధి సంస్థ=ORG, విజయవాడ=LOC","ఆంధ్రప్రదేశ్ పారిశ్రామిక అభివృద్ధి సంస్థ=ORG, విజయవాడ=LOC",Clear ORG and LOC
225,అసదుద్దీన్ ఒవైసీ హైదరాబాద్ నుండి లోక్ సభ సభ్యుడు,"అసదుద్దీన్ ఒవైసీ=PER, హైదరాబాద్=LOC, లోక్ సభ=ORG","అసదుద్దీన్ ఒవైసీ=PER, హైదరాబాద్=LOC",Disagreement: లోక్ సభ as ORG or not
226,తాతా పవర్ సంస్థ ముంబైలో పనిచేస్తుంది,"తాతా పవర్=ORG, ముంబై=LOC","తాతా పవర్=ORG, ముంబై=LOC",Clear ORG and LOC
227,కొల్లం కేరళ లో ఒక ముఖ్యమైన నౌకాశ్రయ నగరం,"కొల్లం=LOC, కేరళ=LOC","కొల్లం=LOC, కేరళ=LOC",Two LOC entities
228,సునీల్ గావస్కర్ ముంబై కు చెందిన మహా క్రికెటర్,"సునీల్ గావస్కర్=PER, ముంబై=LOC","సునీల్ గావస్కర్=PER, ముంబై=LOC",Clear PER and LOC
229,ఆర్ఐఎల్ జామ్నగర్ లో ప్రపంచంలోనే అతిపెద్ద రిఫైనరీ నిర్వహిస్తుంది,"ఆర్ఐఎల్=ORG, జామ్నగర్=LOC","ఆర్ఐఎల్=ORG, జామ్నగర్=LOC",Abbreviation as ORG
230,ప్రొఫెసర్ యశ్పాల్ ఐఐటీ ముంబై చాన్సలర్ గా పనిచేశారు,"యశ్పాల్=PER, ఐఐటీ ముంబై=ORG","యశ్పాల్=PER, ఐఐటీ ముంబై=ORG",Clear PER and ORG
231,తెలంగాణ రాష్ట్ర సమితి పార్టీ తెలంగాణ లో స్థాపించబడింది,"తెలంగాణ రాష్ట్ర సమితి=ORG, తెలంగాణ=LOC","తెలంగాణ రాష్ట్ర సమితి=ORG, తెలంగాణ=LOC",Clear ORG and LOC
232,రాహుల్ ద్రావిడ్ భారత క్రికెట్ జట్టు కోచ్,"రాహుల్ ద్రావిడ్=PER, భారత క్రికెట్ జట్టు=ORG","రాహుల్ ద్రావిడ్=PER, భారత క్రికెట్ జట్టు=ORG",Clear PER and ORG
233,కాళేశ్వరం ప్రాజెక్ట్ తెలంగాణలో నీటిపారుదల ప్రాజెక్ట్,"కాళేశ్వరం ప్రాజెక్ట్=ORG, తెలంగాణ=LOC","కాళేశ్వరం=LOC, తెలంగాణ=LOC",Disagreement: as ORG or LOC
234,ఓమ్ ప్రకాష్ చౌటాలా హరియాణా మాజీ ముఖ్యమంత్రి,"ఓమ్ ప్రకాష్ చౌటాలా=PER, హరియాణా=LOC","ఓమ్ ప్రకాష్ చౌటాలా=PER, హరియాణా=LOC",Clear PER and LOC
235,సీమెన్స్ సంస్థ ముంబై మరియు పుణె లో కార్యాలయాలు కలిగి ఉంది,"సీమెన్స్=ORG, ముంబై=LOC, పుణె=LOC","సీమెన్స్=ORG, ముంబై=LOC, పుణె=LOC",ORG with two LOC
236,గగన్ నారంగ్ షూటింగ్ లో ఒలింపిక్ పతకం గెలిచారు,గగన్ నారంగ్=PER,గగన్ నారంగ్=PER,Only PER
237,మాధవరావు సింధియా కాంగ్రెస్ పార్టీ నాయకుడు,"మాధవరావు సింధియా=PER, కాంగ్రెస్ పార్టీ=ORG","మాధవరావు సింధియా=PER, కాంగ్రెస్ పార్టీ=ORG",Clear PER and ORG
238,వాల్మార్ట్ సంస్థ భారతదేశంలో ఫ్లిప్కార్ట్ ను కొనుగోలు చేసింది,"వాల్మార్ట్=ORG, ఫ్లిప్కార్ట్=ORG","వాల్మార్ట్=ORG, ఫ్లిప్కార్ట్=ORG",Two ORG entities
239,సిఎస్ఆర్ ఫౌండేషన్ హైదరాబాద్ లో విద్యా కార్యక్రమాలు నిర్వహిస్తుంది,"సిఎస్ఆర్ ఫౌండేషన్=ORG, హైదరాబాద్=LOC","సిఎస్ఆర్ ఫౌండేషన్=ORG, హైదరాబాద్=LOC",Clear ORG and LOC
240,నెల్లూరు ఆంధ్రప్రదేశ్ లో చేపల పరిశ్రమకు ప్రసిద్ధి,"నెల్లూరు=LOC, ఆంధ్రప్రదేశ్=LOC","నెల్లూరు=LOC, ఆంధ్రప్రదేశ్=LOC",Two LOC entities
241,జాన్ మఠాయి టాటా సంస్థకు ఆర్థిక సలహాదారుగా పనిచేశారు,"జాన్ మఠాయి=PER, టాటా=ORG","జాన్ మఠాయి=PER, టాటా=ORG",Clear PER and ORG
242,మైసూరు కర్ణాటకలో చారిత్రక నగరం,"మైసూరు=LOC, కర్ణాటక=LOC","మైసూరు=LOC, కర్ణాటక=LOC",Two LOC entities
243,నిర్మలా సీతారామన్ కేంద్ర ఆర్థిక మంత్రి,నిర్మలా సీతారామన్=PER,నిర్మలా సీతారామన్=PER,"Only PER, ministry not labeled"
244,కొచ్చి రిఫైనరీస్ కేరళ లో పెట్రోలియం ఉత్పత్తి చేస్తుంది,"కొచ్చి రిఫైనరీస్=ORG, కేరళ=LOC","కొచ్చి రిఫైనరీస్=ORG, కేరళ=LOC",Clear ORG and LOC
245,ప్రవీణ్ తొగాడియా విహెచ్పీ నాయకుడు,"ప్రవీణ్ తొగాడియా=PER, విహెచ్పీ=ORG","ప్రవీణ్ తొగాడియా=PER, విహెచ్పీ=ORG",Clear PER and ORG
246,తిరువనంతపురం కేరళ రాజధాని,"తిరువనంతపురం=LOC, కేరళ=LOC","తిరువనంతపురం=LOC, కేరళ=LOC",Two LOC entities
247,కల్పనా చావ్లా కర్నాల్ లో జన్మించారు,"కల్పనా చావ్లా=PER, కర్నాల్=LOC","కల్పనా చావ్లా=PER, కర్నాల్=LOC",Clear PER and LOC
248,జీఈ ఎవియేషన్ సంస్థ పుణె లో ఇంజిన్లు తయారు చేస్తుంది,"జీఈ ఎవియేషన్=ORG, పుణె=LOC","జీఈ ఎవియేషన్=ORG, పుణె=LOC",Clear ORG and LOC
249,అరవింద్ సుబ్రమణియన్ భారత ప్రధాన ఆర్థిక సలహాదారు,"అరవింద్ సుబ్రమణియన్=PER, భారత=LOC",అరవింద్ సుబ్రమణియన్=PER,Disagreement: భారత as LOC or not
250,తిరుపతి ఆంధ్రప్రదేశ్ లో ప్రసిద్ధ పుణ్యక్షేత్రం,"తిరుపతి=LOC, ఆంధ్రప్రదేశ్=LOC","తిరుపతి=LOC, ఆంధ్రప్రదేశ్=LOC",Two LOC entities
